Verticals Cluster,KAMStructure,BH_KAM_Group,BH_KAM_L1,Final Branch,Branch,Vertical,New Vertical,BH,BVH,Role Name
Other Verticals,REST BRANCHES,BH,BH AHM,AHM,AHMEDABAD,AUTOMOBILES,AUTOMOBILES,BH - Branch Sales - AHMEDABAD,BVH,BVH - AUTOMOBILES - AHMEDABAD
Other Verticals,REST BRANCHES,BH,BH AHM,AHM,AHMEDABAD,B3+PSU,B3+PSU,BH - Branch Sales - AHMEDABAD,BVH,BVH - B3+PSU - AHMEDABAD
Other Verticals,REST BRANCHES,BH,BH AHM,AHM,AHMEDABAD,BFSI,BFSI,BH - Branch Sales - AHMEDABAD,BVH,BVH - BFSI - AHMEDABAD
Other Verticals,REST BRANCHES,BH,BH AHM,AHM,AHMEDABAD,BUSINESS SOLUTIONS,B2B,BH - Branch Sales - AHMEDABAD,BVH,BVH - B2B - AHMEDABAD
Other Verticals,REST BRANCHES,BH,BH AHM,AHM,AHMEDABAD,CLOTHING / TEXTILES,CLOTHING / TEXTILES,BH - Branch Sales - AHMEDABAD,BVH,BVH - CLOTHING / TEXTILES - AHMEDABAD
Other Verticals,REST BRANCHES,BH,BH AHM,AHM,AHMEDABAD,CONS.DURABLES,CONS.DURABLES,BH - Branch Sales - AHMEDABAD,BVH,BVH - CONS.DURABLES - AHMEDABAD
Other Verticals,REST BRANCHES,BH,BH AHM,AHM,AHMEDABAD,CONS.SOFT & OTC,CONS.SOFT & OTC,BH - Branch Sales - AHMEDABAD,BVH,BVH - CONS.SOFT & OTC - AHMEDABAD
Other Verticals,REST BRANCHES,BH,BH AHM,AHM,AHMEDABAD,CONSUMER SERVICES,CONSUMER SERVICES,BH - Branch Sales - AHMEDABAD,BVH,BVH - CONSUMER SERVICES - AHMEDABAD
Other Verticals,REST BRANCHES,BH,BH AHM,AHM,AHMEDABAD,E BUSINESS,E BUSINESS,BH - Branch Sales - AHMEDABAD,BVH,BVH - E BUSINESS - AHMEDABAD
Other Verticals,REST BRANCHES,BH,BH AHM,AHM,AHMEDABAD,EDUCATION,EDUCATION,BH - Branch Sales - AHMEDABAD,BVH,BVH - EDUCATION - AHMEDABAD
Other Verticals,REST BRANCHES,BH,BH AHM,AHM,AHMEDABAD,FOOD & BEVERAGES,FOOD & BEVERAGES,BH - Branch Sales - AHMEDABAD,BVH,BVH - FOOD & BEVERAGES - AHMEDABAD
Other Verticals,REST BRANCHES,BH,BH AHM,AHM,AHMEDABAD,GOVERNMENT,GOVERNMENT,BH - Branch Sales - AHMEDABAD,BVH,BVH - GOVERNMENT - AHMEDABAD
Other Verticals,REST BRANCHES,BH,BH AHM,AHM,AHMEDABAD,HUMAN CAPITAL,APPOINTMENTS,BH - Branch Sales - AHMEDABAD,BVH,BVH - APPOINTMENTS - AHMEDABAD
Other Verticals,REST BRANCHES,BH,BH AHM,AHM,AHMEDABAD,INTERIOR DECOR,INTERIOR DECOR,BH - Branch Sales - AHMEDABAD,BVH,BVH - INTERIOR DECOR - AHMEDABAD
Other Verticals,REST BRANCHES,BH,BH AHM,AHM,AHMEDABAD,LUXURY,LUXURY,BH - Branch Sales - AHMEDABAD,BVH,BVH - LUXURY - AHMEDABAD
Other Verticals,REST BRANCHES,BH,BH AHM,AHM,AHMEDABAD,OBIT / PERSONAL,OBIT / PERSONAL,BH - Branch Sales - AHMEDABAD,BVH,BVH - OBIT / PERSONAL - AHMEDABAD
Other Verticals,REST BRANCHES,BH,BH AHM,AHM,AHMEDABAD,REAL ESTATE,REAL ESTATE,BH - Branch Sales - AHMEDABAD,BVH,BVH - REAL ESTATE - AHMEDABAD
Other Verticals,REST BRANCHES,BH,BH AHM,AHM,AHMEDABAD,RETAIL,RETAIL,BH - Branch Sales - AHMEDABAD,BVH,BVH - RETAIL - AHMEDABAD
Other Verticals,REST BRANCHES,BH,BH AHM,AHM,AHMEDABAD,RETAIL HEALTHCARE & PHARMA,RETAIL HEALTHCARE & PHARMA,BH - Branch Sales - AHMEDABAD,BVH,BVH - RETAIL HEALTHCARE & PHARMA - AHMEDABAD
Other Verticals,REST BRANCHES,BH,BH AHM,AHM,AHMEDABAD,SPORTS MEDIA & ENTERTAINMENT,MEDIA ENTERTAINMENT,BH - Branch Sales - AHMEDABAD,BVH,BVH - MEDIA ENTERTAINMENT - AHMEDABAD
Other Verticals,REST BRANCHES,BH,BH AHM,AHM,AHMEDABAD,TECHNOLOGY,TECHNOLOGY,BH - Branch Sales - AHMEDABAD,BVH,BVH - TECHNOLOGY - AHMEDABAD
Other Verticals,REST BRANCHES,BH,BH AHM,AHM,AHMEDABAD,TELECOM,TELECOM,BH - Branch Sales - AHMEDABAD,BVH,BVH - TELECOM - AHMEDABAD
Other Verticals,REST BRANCHES,BH,BH AHM,AHM,AHMEDABAD,TIMES INTERACT,CLASSIFIEDS,BH - Branch Sales - AHMEDABAD,BVH,BVH - CLASSIFIEDS - AHMEDABAD
Other Verticals,REST BRANCHES,BH,BH AHM,AHM,AHMEDABAD,TRAVEL & TOURISM,TRAVEL & TOURISM,BH - Branch Sales - AHMEDABAD,BVH,BVH - TRAVEL & TOURISM - AHMEDABAD
Other Verticals,REST BRANCHES,BH,BH BHO,BHO,BHOPAL,AUTOMOBILES,AUTOMOBILES,BH - Branch Sales - BHOPAL,BVH,BVH - AUTOMOBILES - BHOPAL
Other Verticals,REST BRANCHES,BH,BH BHO,BHO,BHOPAL,B3+PSU,B3+PSU,BH - Branch Sales - BHOPAL,BVH,BVH - B3+PSU - BHOPAL
Other Verticals,REST BRANCHES,BH,BH BHO,BHO,BHOPAL,BFSI,BFSI,BH - Branch Sales - BHOPAL,BVH,BVH - BFSI - BHOPAL
Other Verticals,REST BRANCHES,BH,BH BHO,BHO,BHOPAL,BUSINESS SOLUTIONS,B2B,BH - Branch Sales - BHOPAL,BVH,BVH - B2B - BHOPAL
Other Verticals,REST BRANCHES,BH,BH BHO,BHO,BHOPAL,CLOTHING / TEXTILES,CLOTHING / TEXTILES,BH - Branch Sales - BHOPAL,BVH,BVH - CLOTHING / TEXTILES - BHOPAL
Other Verticals,REST BRANCHES,BH,BH BHO,BHO,BHOPAL,CONS.DURABLES,CONS.DURABLES,BH - Branch Sales - BHOPAL,BVH,BVH - CONS.DURABLES - BHOPAL
Other Verticals,REST BRANCHES,BH,BH BHO,BHO,BHOPAL,CONS.SOFT & OTC,CONS.SOFT & OTC,BH - Branch Sales - BHOPAL,BVH,BVH - CONS.SOFT & OTC - BHOPAL
Other Verticals,REST BRANCHES,BH,BH BHO,BHO,BHOPAL,CONSUMER SERVICES,CONSUMER SERVICES,BH - Branch Sales - BHOPAL,BVH,BVH - CONSUMER SERVICES - BHOPAL
Other Verticals,REST BRANCHES,BH,BH BHO,BHO,BHOPAL,E BUSINESS,E BUSINESS,BH - Branch Sales - BHOPAL,BVH,BVH - E BUSINESS - BHOPAL
Other Verticals,REST BRANCHES,BH,BH BHO,BHO,BHOPAL,EDUCATION,EDUCATION,BH - Branch Sales - BHOPAL,BVH,BVH - EDUCATION - BHOPAL
Other Verticals,REST BRANCHES,BH,BH BHO,BHO,BHOPAL,FOOD & BEVERAGES,FOOD & BEVERAGES,BH - Branch Sales - BHOPAL,BVH,BVH - FOOD & BEVERAGES - BHOPAL
Other Verticals,REST BRANCHES,BH,BH BHO,BHO,BHOPAL,GOVERNMENT,GOVERNMENT,BH - Branch Sales - BHOPAL,BVH,BVH - GOVERNMENT - BHOPAL
Other Verticals,REST BRANCHES,BH,BH BHO,BHO,BHOPAL,HUMAN CAPITAL,APPOINTMENTS,BH - Branch Sales - BHOPAL,BVH,BVH - APPOINTMENTS - BHOPAL
Other Verticals,REST BRANCHES,BH,BH BHO,BHO,BHOPAL,INTERIOR DECOR,INTERIOR DECOR,BH - Branch Sales - BHOPAL,BVH,BVH - INTERIOR DECOR - BHOPAL
Other Verticals,REST BRANCHES,BH,BH BHO,BHO,BHOPAL,LUXURY,LUXURY,BH - Branch Sales - BHOPAL,BVH,BVH - LUXURY - BHOPAL
Other Verticals,REST BRANCHES,BH,BH BHO,BHO,BHOPAL,OBIT / PERSONAL,OBIT / PERSONAL,BH - Branch Sales - BHOPAL,BVH,BVH - OBIT / PERSONAL - BHOPAL
Other Verticals,REST BRANCHES,BH,BH BHO,BHO,BHOPAL,REAL ESTATE,REAL ESTATE,BH - Branch Sales - BHOPAL,BVH,BVH - REAL ESTATE - BHOPAL
Other Verticals,REST BRANCHES,BH,BH BHO,BHO,BHOPAL,RETAIL,RETAIL,BH - Branch Sales - BHOPAL,BVH,BVH - RETAIL - BHOPAL
Other Verticals,REST BRANCHES,BH,BH BHO,BHO,BHOPAL,RETAIL HEALTHCARE & PHARMA,RETAIL HEALTHCARE & PHARMA,BH - Branch Sales - BHOPAL,BVH,BVH - RETAIL HEALTHCARE & PHARMA - BHOPAL
Other Verticals,REST BRANCHES,BH,BH BHO,BHO,BHOPAL,SPORTS MEDIA & ENTERTAINMENT,MEDIA ENTERTAINMENT,BH - Branch Sales - BHOPAL,BVH,BVH - MEDIA ENTERTAINMENT - BHOPAL
Other Verticals,REST BRANCHES,BH,BH BHO,BHO,BHOPAL,TECHNOLOGY,TECHNOLOGY,BH - Branch Sales - BHOPAL,BVH,BVH - TECHNOLOGY - BHOPAL
Other Verticals,REST BRANCHES,BH,BH BHO,BHO,BHOPAL,TELECOM,TELECOM,BH - Branch Sales - BHOPAL,BVH,BVH - TELECOM - BHOPAL
Other Verticals,REST BRANCHES,BH,BH BHO,BHO,BHOPAL,TIMES INTERACT,CLASSIFIEDS,BH - Branch Sales - BHOPAL,BVH,BVH - CLASSIFIEDS - BHOPAL
Other Verticals,REST BRANCHES,BH,BH BHO,BHO,BHOPAL,TRAVEL & TOURISM,TRAVEL & TOURISM,BH - Branch Sales - BHOPAL,BVH,BVH - TRAVEL & TOURISM - BHOPAL
Other Verticals,REST BRANCHES,BH,BH BHU,BHU,BHUBANESHWAR,AUTOMOBILES,AUTOMOBILES,BH - Branch Sales - BHUBANESHWAR,BVH,BVH - AUTOMOBILES - BHUBANESHWAR
Other Verticals,REST BRANCHES,BH,BH BHU,BHU,BHUBANESHWAR,B3+PSU,B3+PSU,BH - Branch Sales - BHUBANESHWAR,BVH,BVH - B3+PSU - BHUBANESHWAR
Other Verticals,REST BRANCHES,BH,BH BHU,BHU,BHUBANESHWAR,BFSI,BFSI,BH - Branch Sales - BHUBANESHWAR,BVH,BVH - BFSI - BHUBANESHWAR
Other Verticals,REST BRANCHES,BH,BH BHU,BHU,BHUBANESHWAR,BUSINESS SOLUTIONS,B2B,BH - Branch Sales - BHUBANESHWAR,BVH,BVH - B2B - BHUBANESHWAR
Other Verticals,REST BRANCHES,BH,BH BHU,BHU,BHUBANESHWAR,CONS.SOFT & OTC,CONS.SOFT & OTC,BH - Branch Sales - BHUBANESHWAR,BVH,BVH - CONS.SOFT & OTC - BHUBANESHWAR
Other Verticals,REST BRANCHES,BH,BH BHU,BHU,BHUBANESHWAR,EDUCATION,EDUCATION,BH - Branch Sales - BHUBANESHWAR,BVH,BVH - EDUCATION - BHUBANESHWAR
Other Verticals,REST BRANCHES,BH,BH BHU,BHU,BHUBANESHWAR,FOOD & BEVERAGES,FOOD & BEVERAGES,BH - Branch Sales - BHUBANESHWAR,BVH,BVH - FOOD & BEVERAGES - BHUBANESHWAR
Other Verticals,REST BRANCHES,BH,BH BHU,BHU,BHUBANESHWAR,GOVERNMENT,GOVERNMENT,BH - Branch Sales - BHUBANESHWAR,BVH,BVH - GOVERNMENT - BHUBANESHWAR
Other Verticals,REST BRANCHES,BH,BH BHU,BHU,BHUBANESHWAR,HUMAN CAPITAL,APPOINTMENTS,BH - Branch Sales - BHUBANESHWAR,BVH,BVH - APPOINTMENTS - BHUBANESHWAR
Other Verticals,REST BRANCHES,BH,BH BHU,BHU,BHUBANESHWAR,OBIT / PERSONAL,OBIT / PERSONAL,BH - Branch Sales - BHUBANESHWAR,BVH,BVH - OBIT / PERSONAL - BHUBANESHWAR
Other Verticals,REST BRANCHES,BH,BH BHU,BHU,BHUBANESHWAR,REAL ESTATE,REAL ESTATE,BH - Branch Sales - BHUBANESHWAR,BVH,BVH - REAL ESTATE - BHUBANESHWAR
Other Verticals,REST BRANCHES,BH,BH BHU,BHU,BHUBANESHWAR,CONSUMER SERVICES,CONSUMER SERVICES,BH - Branch Sales - BHUBANESHWAR,BVH,BVH - CONSUMER SERVICES - BHUBANESHWAR
Other Verticals,REST BRANCHES,BH,BH BHU,BHU,BHUBANESHWAR,RETAIL,RETAIL,BH - Branch Sales - BHUBANESHWAR,BVH,BVH - RETAIL - BHUBANESHWAR
Other Verticals,REST BRANCHES,BH,BH BHU,BHU,BHUBANESHWAR,RETAIL HEALTHCARE & PHARMA,RETAIL HEALTHCARE & PHARMA,BH - Branch Sales - BHUBANESHWAR,BVH,BVH - RETAIL HEALTHCARE & PHARMA - BHUBANESHWAR
Other Verticals,REST BRANCHES,BH,BH BHU,BHU,BHUBANESHWAR,SPORTS MEDIA & ENTERTAINMENT,MEDIA ENTERTAINMENT,BH - Branch Sales - BHUBANESHWAR,BVH,BVH - MEDIA ENTERTAINMENT - BHUBANESHWAR
Other Verticals,REST BRANCHES,BH,BH BHU,BHU,BHUBANESHWAR,TELECOM,TELECOM,BH - Branch Sales - BHUBANESHWAR,BVH,BVH - TELECOM - BHUBANESHWAR
Other Verticals,REST BRANCHES,BH,BH BHU,BHU,BHUBANESHWAR,TIMES INTERACT,CLASSIFIEDS,BH - Branch Sales - BHUBANESHWAR,BVH,BVH - CLASSIFIEDS - BHUBANESHWAR
Other Verticals,REST BRANCHES,BH,BH BHU,BHU,BHUBANESHWAR,TRAVEL & TOURISM,TRAVEL & TOURISM,BH - Branch Sales - BHUBANESHWAR,BVH,BVH - TRAVEL & TOURISM - BHUBANESHWAR
Other Verticals,REST BRANCHES,BH,BH CHA,CHA,CHANDIGARH,AIRLINES,AIRLINES,BH - Branch Sales - CHANDIGARH,BVH,BVH - AIRLINES - CHANDIGARH
Other Verticals,REST BRANCHES,BH,BH CHA,CHA,CHANDIGARH,AUTOMOBILES,AUTOMOBILES,BH - Branch Sales - CHANDIGARH,BVH,BVH - AUTOMOBILES - CHANDIGARH
Other Verticals,REST BRANCHES,BH,BH CHA,CHA,CHANDIGARH,B3+PSU,B3+PSU,BH - Branch Sales - CHANDIGARH,BVH,BVH - B3+PSU - CHANDIGARH
Other Verticals,REST BRANCHES,BH,BH CHA,CHA,CHANDIGARH,BFSI,BFSI,BH - Branch Sales - CHANDIGARH,BVH,BVH - BFSI - CHANDIGARH
Other Verticals,REST BRANCHES,BH,BH CHA,CHA,CHANDIGARH,BUSINESS SOLUTIONS,B2B,BH - Branch Sales - CHANDIGARH,BVH,BVH - B2B - CHANDIGARH
Other Verticals,REST BRANCHES,BH,BH CHA,CHA,CHANDIGARH,CLOTHING / TEXTILES,CLOTHING / TEXTILES,BH - Branch Sales - CHANDIGARH,BVH,BVH - CLOTHING / TEXTILES - CHANDIGARH
Other Verticals,REST BRANCHES,BH,BH CHA,CHA,CHANDIGARH,CONS.DURABLES,CONS.DURABLES,BH - Branch Sales - CHANDIGARH,BVH,BVH - CONS.DURABLES - CHANDIGARH
Other Verticals,REST BRANCHES,BH,BH CHA,CHA,CHANDIGARH,CONS.SOFT & OTC,CONS.SOFT & OTC,BH - Branch Sales - CHANDIGARH,BVH,BVH - CONS.SOFT & OTC - CHANDIGARH
Other Verticals,REST BRANCHES,BH,BH CHA,CHA,CHANDIGARH,CONSUMER SERVICES,CONSUMER SERVICES,BH - Branch Sales - CHANDIGARH,BVH,BVH - CONSUMER SERVICES - CHANDIGARH
Other Verticals,REST BRANCHES,BH,BH CHA,CHA,CHANDIGARH,E BUSINESS,E BUSINESS,BH - Branch Sales - CHANDIGARH,BVH,BVH - E BUSINESS - CHANDIGARH
Other Verticals,REST BRANCHES,BH,BH CHA,CHA,CHANDIGARH,EDUCATION,EDUCATION,BH - Branch Sales - CHANDIGARH,BVH,BVH - EDUCATION - CHANDIGARH
Other Verticals,REST BRANCHES,BH,BH CHA,CHA,CHANDIGARH,FOOD & BEVERAGES,FOOD & BEVERAGES,BH - Branch Sales - CHANDIGARH,BVH,BVH - FOOD & BEVERAGES - CHANDIGARH
Other Verticals,REST BRANCHES,BH,BH CHA,CHA,CHANDIGARH,GOVERNMENT,GOVERNMENT,BH - Branch Sales - CHANDIGARH,BVH,BVH - GOVERNMENT - CHANDIGARH
Other Verticals,REST BRANCHES,BH,BH CHA,CHA,CHANDIGARH,HUMAN CAPITAL,APPOINTMENTS,BH - Branch Sales - CHANDIGARH,BVH,BVH - APPOINTMENTS - CHANDIGARH
Other Verticals,REST BRANCHES,BH,BH CHA,CHA,CHANDIGARH,INTERIOR DECOR,INTERIOR DECOR,BH - Branch Sales - CHANDIGARH,BVH,BVH - INTERIOR DECOR - CHANDIGARH
Other Verticals,REST BRANCHES,BH,BH CHA,CHA,CHANDIGARH,LUXURY,LUXURY,BH - Branch Sales - CHANDIGARH,BVH,BVH - LUXURY - CHANDIGARH
Other Verticals,REST BRANCHES,BH,BH CHA,CHA,CHANDIGARH,OBIT / PERSONAL,OBIT / PERSONAL,BH - Branch Sales - CHANDIGARH,BVH,BVH - OBIT / PERSONAL - CHANDIGARH
Other Verticals,REST BRANCHES,BH,BH CHA,CHA,CHANDIGARH,REAL ESTATE,REAL ESTATE,BH - Branch Sales - CHANDIGARH,BVH,BVH - REAL ESTATE - CHANDIGARH
Other Verticals,REST BRANCHES,BH,BH CHA,CHA,CHANDIGARH,RETAIL,RETAIL,BH - Branch Sales - CHANDIGARH,BVH,BVH - RETAIL - CHANDIGARH
Other Verticals,REST BRANCHES,BH,BH CHA,CHA,CHANDIGARH,RETAIL HEALTHCARE & PHARMA,RETAIL HEALTHCARE & PHARMA,BH - Branch Sales - CHANDIGARH,BVH,BVH - RETAIL HEALTHCARE & PHARMA - CHANDIGARH
Other Verticals,REST BRANCHES,BH,BH CHA,CHA,CHANDIGARH,SPORTS MEDIA & ENTERTAINMENT,MEDIA ENTERTAINMENT,BH - Branch Sales - CHANDIGARH,BVH,BVH - MEDIA ENTERTAINMENT - CHANDIGARH
Other Verticals,REST BRANCHES,BH,BH CHA,CHA,CHANDIGARH,TECHNOLOGY,TECHNOLOGY,BH - Branch Sales - CHANDIGARH,BVH,BVH - TECHNOLOGY - CHANDIGARH
Other Verticals,REST BRANCHES,BH,BH CHA,CHA,CHANDIGARH,TIMES INTERACT,CLASSIFIEDS,BH - Branch Sales - CHANDIGARH,BVH,BVH - CLASSIFIEDS - CHANDIGARH
Other Verticals,REST BRANCHES,BH,BH CHA,CHA,CHANDIGARH,TRAVEL & TOURISM,TRAVEL & TOURISM,BH - Branch Sales - CHANDIGARH,BVH,BVH - TRAVEL & TOURISM - CHANDIGARH
Other Verticals,REST BRANCHES,BH,BH CHE,CHE,CHENNAI,AIRLINES,AIRLINES,BH - Branch Sales - CHENNAI,BVH,BVH - AIRLINES - CHENNAI
Other Verticals,REST BRANCHES,BH,BH CHE,CHE,CHENNAI,AUTOMOBILES,AUTOMOBILES,BH - Branch Sales - CHENNAI,BVH,BVH - AUTOMOBILES - CHENNAI
Other Verticals,REST BRANCHES,BH,BH CHE,CHE,CHENNAI,B3+PSU,B3+PSU,BH - Branch Sales - CHENNAI,BVH,BVH - B3+PSU - CHENNAI
Other Verticals,REST BRANCHES,BH,BH CHE,CHE,CHENNAI,BFSI,BFSI,BH - Branch Sales - CHENNAI,BVH,BVH - BFSI - CHENNAI
Other Verticals,REST BRANCHES,BH,BH CHE,CHE,CHENNAI,BUSINESS SOLUTIONS,B2B,BH - Branch Sales - CHENNAI,BVH,BVH - B2B - CHENNAI
Other Verticals,REST BRANCHES,BH,BH CHE,CHE,CHENNAI,CLOTHING / TEXTILES,CLOTHING / TEXTILES,BH - Branch Sales - CHENNAI,BVH,BVH - CLOTHING / TEXTILES - CHENNAI
Other Verticals,REST BRANCHES,BH,BH CHE,CHE,CHENNAI,CONS.DURABLES,CONS.DURABLES,BH - Branch Sales - CHENNAI,BVH,BVH - CONS.DURABLES - CHENNAI
Other Verticals,REST BRANCHES,BH,BH CHE,CHE,CHENNAI,CONS.SOFT & OTC,CONS.SOFT & OTC,BH - Branch Sales - CHENNAI,BVH,BVH - CONS.SOFT & OTC - CHENNAI
Other Verticals,REST BRANCHES,BH,BH CHE,CHE,CHENNAI,CONSUMER SERVICES,CONSUMER SERVICES,BH - Branch Sales - CHENNAI,BVH,BVH - CONSUMER SERVICES - CHENNAI
Other Verticals,REST BRANCHES,BH,BH CHE,CHE,CHENNAI,E BUSINESS,E BUSINESS,BH - Branch Sales - CHENNAI,BVH,BVH - E BUSINESS - CHENNAI
Other Verticals,REST BRANCHES,BH,BH CHE,CHE,CHENNAI,EDUCATION,EDUCATION,BH - Branch Sales - CHENNAI,BVH,BVH - EDUCATION - CHENNAI
Other Verticals,REST BRANCHES,BH,BH CHE,CHE,CHENNAI,FOOD & BEVERAGES,FOOD & BEVERAGES,BH - Branch Sales - CHENNAI,BVH,BVH - FOOD & BEVERAGES - CHENNAI
Other Verticals,REST BRANCHES,BH,BH CHE,CHE,CHENNAI,GOVERNMENT,GOVERNMENT,BH - Branch Sales - CHENNAI,BVH,BVH - GOVERNMENT - CHENNAI
Other Verticals,REST BRANCHES,BH,BH CHE,CHE,CHENNAI,HUMAN CAPITAL,APPOINTMENTS,BH - Branch Sales - CHENNAI,BVH,BVH - APPOINTMENTS - CHENNAI
Other Verticals,REST BRANCHES,BH,BH CHE,CHE,CHENNAI,INTERIOR DECOR,INTERIOR DECOR,BH - Branch Sales - CHENNAI,BVH,BVH - INTERIOR DECOR - CHENNAI
Other Verticals,REST BRANCHES,BH,BH CHE,CHE,CHENNAI,LUXURY,LUXURY,BH - Branch Sales - CHENNAI,BVH,BVH - LUXURY - CHENNAI
Other Verticals,REST BRANCHES,BH,BH CHE,CHE,CHENNAI,OBIT / PERSONAL,OBIT / PERSONAL,BH - Branch Sales - CHENNAI,BVH,BVH - OBIT / PERSONAL - CHENNAI
Other Verticals,REST BRANCHES,BH,BH CHE,CHE,CHENNAI,REAL ESTATE,REAL ESTATE,BH - Branch Sales - CHENNAI,BVH,BVH - REAL ESTATE - CHENNAI
Other Verticals,REST BRANCHES,BH,BH CHE,CHE,CHENNAI,RETAIL,RETAIL,BH - Branch Sales - CHENNAI,BVH,BVH - RETAIL - CHENNAI
Other Verticals,REST BRANCHES,BH,BH CHE,CHE,CHENNAI,RETAIL HEALTHCARE & PHARMA,RETAIL HEALTHCARE & PHARMA,BH - Branch Sales - CHENNAI,BVH,BVH - RETAIL HEALTHCARE & PHARMA - CHENNAI
Other Verticals,REST BRANCHES,BH,BH CHE,CHE,CHENNAI,SPORTS MEDIA & ENTERTAINMENT,MEDIA ENTERTAINMENT,BH - Branch Sales - CHENNAI,BVH,BVH - MEDIA ENTERTAINMENT - CHENNAI
Other Verticals,REST BRANCHES,BH,BH CHE,CHE,CHENNAI,TECHNOLOGY,TECHNOLOGY,BH - Branch Sales - CHENNAI,BVH,BVH - TECHNOLOGY - CHENNAI
Other Verticals,REST BRANCHES,BH,BH CHE,CHE,CHENNAI,TIMES INTERACT,CLASSIFIEDS,BH - Branch Sales - CHENNAI,BVH,BVH - CLASSIFIEDS - CHENNAI
Other Verticals,REST BRANCHES,BH,BH CHE,CHE,CHENNAI,TRAVEL & TOURISM,TRAVEL & TOURISM,BH - Branch Sales - CHENNAI,BVH,BVH - TRAVEL & TOURISM - CHENNAI
Other Verticals,REST BRANCHES,BH,BH COC,COC,COCHIN,AIRLINES,AIRLINES,BH - Branch Sales - COCHIN,BVH,BVH - AIRLINES - COCHIN
Other Verticals,REST BRANCHES,BH,BH COC,COC,COCHIN,AUTOMOBILES,AUTOMOBILES,BH - Branch Sales - COCHIN,BVH,BVH - AUTOMOBILES - COCHIN
Other Verticals,REST BRANCHES,BH,BH COC,COC,COCHIN,B3+PSU,B3+PSU,BH - Branch Sales - COCHIN,BVH,BVH - B3+PSU - COCHIN
Other Verticals,REST BRANCHES,BH,BH COC,COC,COCHIN,BFSI,BFSI,BH - Branch Sales - COCHIN,BVH,BVH - BFSI - COCHIN
Other Verticals,REST BRANCHES,BH,BH COC,COC,COCHIN,BUSINESS SOLUTIONS,B2B,BH - Branch Sales - COCHIN,BVH,BVH - B2B - COCHIN
Other Verticals,REST BRANCHES,BH,BH COC,COC,COCHIN,CLOTHING / TEXTILES,CLOTHING / TEXTILES,BH - Branch Sales - COCHIN,BVH,BVH - CLOTHING / TEXTILES - COCHIN
Other Verticals,REST BRANCHES,BH,BH COC,COC,COCHIN,CONS.DURABLES,CONS.DURABLES,BH - Branch Sales - COCHIN,BVH,BVH - CONS.DURABLES - COCHIN
Other Verticals,REST BRANCHES,BH,BH COC,COC,COCHIN,CONS.SOFT & OTC,CONS.SOFT & OTC,BH - Branch Sales - COCHIN,BVH,BVH - CONS.SOFT & OTC - COCHIN
Other Verticals,REST BRANCHES,BH,BH COC,COC,COCHIN,CONSUMER SERVICES,CONSUMER SERVICES,BH - Branch Sales - COCHIN,BVH,BVH - CONSUMER SERVICES - COCHIN
Other Verticals,REST BRANCHES,BH,BH COC,COC,COCHIN,E BUSINESS,E BUSINESS,BH - Branch Sales - COCHIN,BVH,BVH - E BUSINESS - COCHIN
Other Verticals,REST BRANCHES,BH,BH COC,COC,COCHIN,EDUCATION,EDUCATION,BH - Branch Sales - COCHIN,BVH,BVH - EDUCATION - COCHIN
Other Verticals,REST BRANCHES,BH,BH COC,COC,COCHIN,FOOD & BEVERAGES,FOOD & BEVERAGES,BH - Branch Sales - COCHIN,BVH,BVH - FOOD & BEVERAGES - COCHIN
Other Verticals,REST BRANCHES,BH,BH COC,COC,COCHIN,GOVERNMENT,GOVERNMENT,BH - Branch Sales - COCHIN,BVH,BVH - GOVERNMENT - COCHIN
Other Verticals,REST BRANCHES,BH,BH COC,COC,COCHIN,HUMAN CAPITAL,APPOINTMENTS,BH - Branch Sales - COCHIN,BVH,BVH - APPOINTMENTS - COCHIN
Other Verticals,REST BRANCHES,BH,BH COC,COC,COCHIN,INTERIOR DECOR,INTERIOR DECOR,BH - Branch Sales - COCHIN,BVH,BVH - INTERIOR DECOR - COCHIN
Other Verticals,REST BRANCHES,BH,BH COC,COC,COCHIN,LUXURY,LUXURY,BH - Branch Sales - COCHIN,BVH,BVH - LUXURY - COCHIN
Other Verticals,REST BRANCHES,BH,BH COC,COC,COCHIN,OBIT / PERSONAL,OBIT / PERSONAL,BH - Branch Sales - COCHIN,BVH,BVH - OBIT / PERSONAL - COCHIN
Other Verticals,REST BRANCHES,BH,BH COC,COC,COCHIN,REAL ESTATE,REAL ESTATE,BH - Branch Sales - COCHIN,BVH,BVH - REAL ESTATE - COCHIN
Other Verticals,REST BRANCHES,BH,BH COC,COC,COCHIN,RETAIL,RETAIL,BH - Branch Sales - COCHIN,BVH,BVH - RETAIL - COCHIN
Other Verticals,REST BRANCHES,BH,BH COC,COC,COCHIN,RETAIL HEALTHCARE & PHARMA,RETAIL HEALTHCARE & PHARMA,BH - Branch Sales - COCHIN,BVH,BVH - RETAIL HEALTHCARE & PHARMA - COCHIN
Other Verticals,REST BRANCHES,BH,BH COC,COC,COCHIN,SPORTS MEDIA & ENTERTAINMENT,MEDIA ENTERTAINMENT,BH - Branch Sales - COCHIN,BVH,BVH - MEDIA ENTERTAINMENT - COCHIN
Other Verticals,REST BRANCHES,BH,BH COC,COC,COCHIN,TECHNOLOGY,TECHNOLOGY,BH - Branch Sales - COCHIN,BVH,BVH - TECHNOLOGY - COCHIN
Other Verticals,REST BRANCHES,BH,BH COC,COC,COCHIN,TELECOM,TELECOM,BH - Branch Sales - COCHIN,BVH,BVH - TELECOM - COCHIN
Other Verticals,REST BRANCHES,BH,BH COC,COC,COCHIN,TIMES INTERACT,CLASSIFIEDS,BH - Branch Sales - COCHIN,BVH,BVH - CLASSIFIEDS - COCHIN
Other Verticals,REST BRANCHES,BH,BH COC,COC,COCHIN,TRAVEL & TOURISM,TRAVEL & TOURISM,BH - Branch Sales - COCHIN,BVH,BVH - TRAVEL & TOURISM - COCHIN
Other Verticals,REST BRANCHES,BH,BH HYD,HYD,HYDERABAD,AUTOMOBILES,AUTOMOBILES,BH - Branch Sales - HYDERABAD,BVH,BVH - AUTOMOBILES - HYDERABAD
Other Verticals,REST BRANCHES,BH,BH HYD,HYD,HYDERABAD,B3+PSU,B3+PSU,BH - Branch Sales - HYDERABAD,BVH,BVH - B3+PSU - HYDERABAD
Other Verticals,REST BRANCHES,BH,BH HYD,HYD,HYDERABAD,BFSI,BFSI,BH - Branch Sales - HYDERABAD,BVH,BVH - BFSI - HYDERABAD
Other Verticals,REST BRANCHES,BH,BH HYD,HYD,HYDERABAD,BUSINESS SOLUTIONS,B2B,BH - Branch Sales - HYDERABAD,BVH,BVH - B2B - HYDERABAD
Other Verticals,REST BRANCHES,BH,BH HYD,HYD,HYDERABAD,CLOTHING / TEXTILES,CLOTHING / TEXTILES,BH - Branch Sales - HYDERABAD,BVH,BVH - CLOTHING / TEXTILES - HYDERABAD
Other Verticals,REST BRANCHES,BH,BH HYD,HYD,HYDERABAD,CONS.DURABLES,CONS.DURABLES,BH - Branch Sales - HYDERABAD,BVH,BVH - CONS.DURABLES - HYDERABAD
Other Verticals,REST BRANCHES,BH,BH HYD,HYD,HYDERABAD,CONS.SOFT & OTC,CONS.SOFT & OTC,BH - Branch Sales - HYDERABAD,BVH,BVH - CONS.SOFT & OTC - HYDERABAD
Other Verticals,REST BRANCHES,BH,BH HYD,HYD,HYDERABAD,CONSUMER SERVICES,CONSUMER SERVICES,BH - Branch Sales - HYDERABAD,BVH,BVH - CONSUMER SERVICES - HYDERABAD
Other Verticals,REST BRANCHES,BH,BH HYD,HYD,HYDERABAD,E BUSINESS,E BUSINESS,BH - Branch Sales - HYDERABAD,BVH,BVH - E BUSINESS - HYDERABAD
Other Verticals,REST BRANCHES,BH,BH HYD,HYD,HYDERABAD,EDUCATION,EDUCATION,BH - Branch Sales - HYDERABAD,BVH,BVH - EDUCATION - HYDERABAD
Other Verticals,REST BRANCHES,BH,BH HYD,HYD,HYDERABAD,FOOD & BEVERAGES,FOOD & BEVERAGES,BH - Branch Sales - HYDERABAD,BVH,BVH - FOOD & BEVERAGES - HYDERABAD
Other Verticals,REST BRANCHES,BH,BH HYD,HYD,HYDERABAD,GOVERNMENT,GOVERNMENT,BH - Branch Sales - HYDERABAD,BVH,BVH - GOVERNMENT - HYDERABAD
Other Verticals,REST BRANCHES,BH,BH HYD,HYD,HYDERABAD,HUMAN CAPITAL,APPOINTMENTS,BH - Branch Sales - HYDERABAD,BVH,BVH - APPOINTMENTS - HYDERABAD
Other Verticals,REST BRANCHES,BH,BH HYD,HYD,HYDERABAD,INTERIOR DECOR,INTERIOR DECOR,BH - Branch Sales - HYDERABAD,BVH,BVH - INTERIOR DECOR - HYDERABAD
Other Verticals,REST BRANCHES,BH,BH HYD,HYD,HYDERABAD,LUXURY,LUXURY,BH - Branch Sales - HYDERABAD,BVH,BVH - LUXURY - HYDERABAD
Other Verticals,REST BRANCHES,BH,BH HYD,HYD,HYDERABAD,OBIT / PERSONAL,OBIT / PERSONAL,BH - Branch Sales - HYDERABAD,BVH,BVH - OBIT / PERSONAL - HYDERABAD
Other Verticals,REST BRANCHES,BH,BH HYD,HYD,HYDERABAD,REAL ESTATE,REAL ESTATE,BH - Branch Sales - HYDERABAD,BVH,BVH - REAL ESTATE - HYDERABAD
Other Verticals,REST BRANCHES,BH,BH HYD,HYD,HYDERABAD,RETAIL,RETAIL,BH - Branch Sales - HYDERABAD,BVH,BVH - RETAIL - HYDERABAD
Other Verticals,REST BRANCHES,BH,BH HYD,HYD,HYDERABAD,RETAIL HEALTHCARE & PHARMA,RETAIL HEALTHCARE & PHARMA,BH - Branch Sales - HYDERABAD,BVH,BVH - RETAIL HEALTHCARE & PHARMA - HYDERABAD
Other Verticals,REST BRANCHES,BH,BH HYD,HYD,HYDERABAD,SPORTS MEDIA & ENTERTAINMENT,MEDIA ENTERTAINMENT,BH - Branch Sales - HYDERABAD,BVH,BVH - MEDIA ENTERTAINMENT - HYDERABAD
Other Verticals,REST BRANCHES,BH,BH HYD,HYD,HYDERABAD,TECHNOLOGY,TECHNOLOGY,BH - Branch Sales - HYDERABAD,BVH,BVH - TECHNOLOGY - HYDERABAD
Other Verticals,REST BRANCHES,BH,BH HYD,HYD,HYDERABAD,TELECOM,TELECOM,BH - Branch Sales - HYDERABAD,BVH,BVH - TELECOM - HYDERABAD
Other Verticals,REST BRANCHES,BH,BH HYD,HYD,HYDERABAD,TIMES INTERACT,CLASSIFIEDS,BH - Branch Sales - HYDERABAD,BVH,BVH - CLASSIFIEDS - HYDERABAD
Other Verticals,REST BRANCHES,BH,BH HYD,HYD,HYDERABAD,TRAVEL & TOURISM,TRAVEL & TOURISM,BH - Branch Sales - HYDERABAD,BVH,BVH - TRAVEL & TOURISM - HYDERABAD
Other Verticals,REST BRANCHES,BH,BH JAI,JAI,JAIPUR,AUTOMOBILES,AUTOMOBILES,BH - Branch Sales - JAIPUR,BVH,BVH - AUTOMOBILES - JAIPUR
Other Verticals,REST BRANCHES,BH,BH JAI,JAI,JAIPUR,B3+PSU,B3+PSU,BH - Branch Sales - JAIPUR,BVH,BVH - B3+PSU - JAIPUR
Other Verticals,REST BRANCHES,BH,BH JAI,JAI,JAIPUR,BFSI,BFSI,BH - Branch Sales - JAIPUR,BVH,BVH - BFSI - JAIPUR
Other Verticals,REST BRANCHES,BH,BH JAI,JAI,JAIPUR,BUSINESS SOLUTIONS,B2B,BH - Branch Sales - JAIPUR,BVH,BVH - B2B - JAIPUR
Other Verticals,REST BRANCHES,BH,BH JAI,JAI,JAIPUR,CLOTHING / TEXTILES,CLOTHING / TEXTILES,BH - Branch Sales - JAIPUR,BVH,BVH - CLOTHING / TEXTILES - JAIPUR
Other Verticals,REST BRANCHES,BH,BH JAI,JAI,JAIPUR,CONS.DURABLES,CONS.DURABLES,BH - Branch Sales - JAIPUR,BVH,BVH - CONS.DURABLES - JAIPUR
Other Verticals,REST BRANCHES,BH,BH JAI,JAI,JAIPUR,CONS.SOFT & OTC,CONS.SOFT & OTC,BH - Branch Sales - JAIPUR,BVH,BVH - CONS.SOFT & OTC - JAIPUR
Other Verticals,REST BRANCHES,BH,BH JAI,JAI,JAIPUR,CONSUMER SERVICES,CONSUMER SERVICES,BH - Branch Sales - JAIPUR,BVH,BVH - CONSUMER SERVICES - JAIPUR
Other Verticals,REST BRANCHES,BH,BH JAI,JAI,JAIPUR,E BUSINESS,E BUSINESS,BH - Branch Sales - JAIPUR,BVH,BVH - E BUSINESS - JAIPUR
Other Verticals,REST BRANCHES,BH,BH JAI,JAI,JAIPUR,EDUCATION,EDUCATION,BH - Branch Sales - JAIPUR,BVH,BVH - EDUCATION - JAIPUR
Other Verticals,REST BRANCHES,BH,BH JAI,JAI,JAIPUR,FOOD & BEVERAGES,FOOD & BEVERAGES,BH - Branch Sales - JAIPUR,BVH,BVH - FOOD & BEVERAGES - JAIPUR
Other Verticals,REST BRANCHES,BH,BH JAI,JAI,JAIPUR,GOVERNMENT,GOVERNMENT,BH - Branch Sales - JAIPUR,BVH,BVH - GOVERNMENT - JAIPUR
Other Verticals,REST BRANCHES,BH,BH JAI,JAI,JAIPUR,HUMAN CAPITAL,APPOINTMENTS,BH - Branch Sales - JAIPUR,BVH,BVH - APPOINTMENTS - JAIPUR
Other Verticals,REST BRANCHES,BH,BH JAI,JAI,JAIPUR,INTERIOR DECOR,INTERIOR DECOR,BH - Branch Sales - JAIPUR,BVH,BVH - INTERIOR DECOR - JAIPUR
Other Verticals,REST BRANCHES,BH,BH JAI,JAI,JAIPUR,LUXURY,LUXURY,BH - Branch Sales - JAIPUR,BVH,BVH - LUXURY - JAIPUR
Other Verticals,REST BRANCHES,BH,BH JAI,JAI,JAIPUR,OBIT / PERSONAL,OBIT / PERSONAL,BH - Branch Sales - JAIPUR,BVH,BVH - OBIT / PERSONAL - JAIPUR
Other Verticals,REST BRANCHES,BH,BH JAI,JAI,JAIPUR,REAL ESTATE,REAL ESTATE,BH - Branch Sales - JAIPUR,BVH,BVH - REAL ESTATE - JAIPUR
Other Verticals,REST BRANCHES,BH,BH JAI,JAI,JAIPUR,RETAIL,RETAIL,BH - Branch Sales - JAIPUR,BVH,BVH - RETAIL - JAIPUR
Other Verticals,REST BRANCHES,BH,BH JAI,JAI,JAIPUR,RETAIL HEALTHCARE & PHARMA,RETAIL HEALTHCARE & PHARMA,BH - Branch Sales - JAIPUR,BVH,BVH - RETAIL HEALTHCARE & PHARMA - JAIPUR
Other Verticals,REST BRANCHES,BH,BH JAI,JAI,JAIPUR,SPORTS MEDIA & ENTERTAINMENT,MEDIA ENTERTAINMENT,BH - Branch Sales - JAIPUR,BVH,BVH - MEDIA ENTERTAINMENT - JAIPUR
Other Verticals,REST BRANCHES,BH,BH JAI,JAI,JAIPUR,TECHNOLOGY,TECHNOLOGY,BH - Branch Sales - JAIPUR,BVH,BVH - TECHNOLOGY - JAIPUR
Other Verticals,REST BRANCHES,BH,BH JAI,JAI,JAIPUR,TELECOM,TELECOM,BH - Branch Sales - JAIPUR,BVH,BVH - TELECOM - JAIPUR
Other Verticals,REST BRANCHES,BH,BH JAI,JAI,JAIPUR,TIMES INTERACT,CLASSIFIEDS,BH - Branch Sales - JAIPUR,BVH,BVH - CLASSIFIEDS - JAIPUR
Other Verticals,REST BRANCHES,BH,BH JAI,JAI,JAIPUR,TRAVEL & TOURISM,TRAVEL & TOURISM,BH - Branch Sales - JAIPUR,BVH,BVH - TRAVEL & TOURISM - JAIPUR
Other Verticals,REST BRANCHES,BH,BH KOL,KOL,KOLKATTA,AUTOMOBILES,AUTOMOBILES,BH - Branch Sales - KOLKATTA,BVH,BVH - AUTOMOBILES - KOLKATTA
Other Verticals,REST BRANCHES,BH,BH KOL,KOL,KOLKATTA,B3+PSU,B3+PSU,BH - Branch Sales - KOLKATTA,BVH,BVH - B3+PSU - KOLKATTA
Other Verticals,REST BRANCHES,BH,BH KOL,KOL,KOLKATTA,BFSI,BFSI,BH - Branch Sales - KOLKATTA,BVH,BVH - BFSI - KOLKATTA
Other Verticals,REST BRANCHES,BH,BH KOL,KOL,KOLKATTA,BUSINESS SOLUTIONS,B2B,BH - Branch Sales - KOLKATTA,BVH,BVH - B2B - KOLKATTA
Other Verticals,REST BRANCHES,BH,BH KOL,KOL,KOLKATTA,CLOTHING / TEXTILES,CLOTHING / TEXTILES,BH - Branch Sales - KOLKATTA,BVH,BVH - CLOTHING / TEXTILES - KOLKATTA
Other Verticals,REST BRANCHES,BH,BH KOL,KOL,KOLKATTA,CONS.DURABLES,CONS.DURABLES,BH - Branch Sales - KOLKATTA,BVH,BVH - CONS.DURABLES - KOLKATTA
Other Verticals,REST BRANCHES,BH,BH KOL,KOL,KOLKATTA,CONS.SOFT & OTC,CONS.SOFT & OTC,BH - Branch Sales - KOLKATTA,BVH,BVH - CONS.SOFT & OTC - KOLKATTA
Other Verticals,REST BRANCHES,BH,BH KOL,KOL,KOLKATTA,CONSUMER SERVICES,CONSUMER SERVICES,BH - Branch Sales - KOLKATTA,BVH,BVH - CONSUMER SERVICES - KOLKATTA
Other Verticals,REST BRANCHES,BH,BH KOL,KOL,KOLKATTA,E BUSINESS,E BUSINESS,BH - Branch Sales - KOLKATTA,BVH,BVH - E BUSINESS - KOLKATTA
Other Verticals,REST BRANCHES,BH,BH KOL,KOL,KOLKATTA,EDUCATION,EDUCATION,BH - Branch Sales - KOLKATTA,BVH,BVH - EDUCATION - KOLKATTA
Other Verticals,REST BRANCHES,BH,BH KOL,KOL,KOLKATTA,FOOD & BEVERAGES,FOOD & BEVERAGES,BH - Branch Sales - KOLKATTA,BVH,BVH - FOOD & BEVERAGES - KOLKATTA
Other Verticals,REST BRANCHES,BH,BH KOL,KOL,KOLKATTA,GOVERNMENT,GOVERNMENT,BH - Branch Sales - KOLKATTA,BVH,BVH - GOVERNMENT - KOLKATTA
Other Verticals,REST BRANCHES,BH,BH KOL,KOL,KOLKATTA,HUMAN CAPITAL,APPOINTMENTS,BH - Branch Sales - KOLKATTA,BVH,BVH - APPOINTMENTS - KOLKATTA
Other Verticals,REST BRANCHES,BH,BH KOL,KOL,KOLKATTA,INTERIOR DECOR,INTERIOR DECOR,BH - Branch Sales - KOLKATTA,BVH,BVH - INTERIOR DECOR - KOLKATTA
Other Verticals,REST BRANCHES,BH,BH KOL,KOL,KOLKATTA,LUXURY,LUXURY,BH - Branch Sales - KOLKATTA,BVH,BVH - LUXURY - KOLKATTA
Other Verticals,REST BRANCHES,BH,BH KOL,KOL,KOLKATTA,OBIT / PERSONAL,OBIT / PERSONAL,BH - Branch Sales - KOLKATTA,BVH,BVH - OBIT / PERSONAL - KOLKATTA
Other Verticals,REST BRANCHES,BH,BH KOL,KOL,KOLKATTA,REAL ESTATE,REAL ESTATE,BH - Branch Sales - KOLKATTA,BVH,BVH - REAL ESTATE - KOLKATTA
Other Verticals,REST BRANCHES,BH,BH KOL,KOL,KOLKATTA,RETAIL,RETAIL,BH - Branch Sales - KOLKATTA,BVH,BVH - RETAIL - KOLKATTA
Other Verticals,REST BRANCHES,BH,BH KOL,KOL,KOLKATTA,RETAIL HEALTHCARE & PHARMA,RETAIL HEALTHCARE & PHARMA,BH - Branch Sales - KOLKATTA,BVH,BVH - RETAIL HEALTHCARE & PHARMA - KOLKATTA
Other Verticals,REST BRANCHES,BH,BH KOL,KOL,KOLKATTA,SPORTS MEDIA & ENTERTAINMENT,MEDIA ENTERTAINMENT,BH - Branch Sales - KOLKATTA,BVH,BVH - MEDIA ENTERTAINMENT - KOLKATTA
Other Verticals,REST BRANCHES,BH,BH KOL,KOL,KOLKATTA,TECHNOLOGY,TECHNOLOGY,BH - Branch Sales - KOLKATTA,BVH,BVH - TECHNOLOGY - KOLKATTA
Other Verticals,REST BRANCHES,BH,BH KOL,KOL,KOLKATTA,TELECOM,TELECOM,BH - Branch Sales - KOLKATTA,BVH,BVH - TELECOM - KOLKATTA
Other Verticals,REST BRANCHES,BH,BH KOL,KOL,KOLKATTA,TIMES INTERACT,CLASSIFIEDS,BH - Branch Sales - KOLKATTA,BVH,BVH - CLASSIFIEDS - KOLKATTA
Other Verticals,REST BRANCHES,BH,BH KOL,KOL,KOLKATTA,TRAVEL & TOURISM,TRAVEL & TOURISM,BH - Branch Sales - KOLKATTA,BVH,BVH - TRAVEL & TOURISM - KOLKATTA
Other Verticals,REST BRANCHES,BH,BH LUC,LUC,LUCKNOW,AUTOMOBILES,AUTOMOBILES,BH - Branch Sales - LUCKNOW,BVH,BVH - AUTOMOBILES - LUCKNOW
Other Verticals,REST BRANCHES,BH,BH LUC,LUC,LUCKNOW,B3+PSU,B3+PSU,BH - Branch Sales - LUCKNOW,BVH,BVH - B3+PSU - LUCKNOW
Other Verticals,REST BRANCHES,BH,BH LUC,LUC,LUCKNOW,BFSI,BFSI,BH - Branch Sales - LUCKNOW,BVH,BVH - BFSI - LUCKNOW
Other Verticals,REST BRANCHES,BH,BH LUC,LUC,LUCKNOW,BUSINESS SOLUTIONS,B2B,BH - Branch Sales - LUCKNOW,BVH,BVH - B2B - LUCKNOW
Other Verticals,REST BRANCHES,BH,BH LUC,LUC,LUCKNOW,CLOTHING / TEXTILES,CLOTHING / TEXTILES,BH - Branch Sales - LUCKNOW,BVH,BVH - CLOTHING / TEXTILES - LUCKNOW
Other Verticals,REST BRANCHES,BH,BH LUC,LUC,LUCKNOW,CONS.DURABLES,CONS.DURABLES,BH - Branch Sales - LUCKNOW,BVH,BVH - CONS.DURABLES - LUCKNOW
Other Verticals,REST BRANCHES,BH,BH LUC,LUC,LUCKNOW,CONS.SOFT & OTC,CONS.SOFT & OTC,BH - Branch Sales - LUCKNOW,BVH,BVH - CONS.SOFT & OTC - LUCKNOW
Other Verticals,REST BRANCHES,BH,BH LUC,LUC,LUCKNOW,CONSUMER SERVICES,CONSUMER SERVICES,BH - Branch Sales - LUCKNOW,BVH,BVH - CONSUMER SERVICES - LUCKNOW
Other Verticals,REST BRANCHES,BH,BH LUC,LUC,LUCKNOW,E BUSINESS,E BUSINESS,BH - Branch Sales - LUCKNOW,BVH,BVH - E BUSINESS - LUCKNOW
Other Verticals,REST BRANCHES,BH,BH LUC,LUC,LUCKNOW,EDUCATION,EDUCATION,BH - Branch Sales - LUCKNOW,BVH,BVH - EDUCATION - LUCKNOW
Other Verticals,REST BRANCHES,BH,BH LUC,LUC,LUCKNOW,FOOD & BEVERAGES,FOOD & BEVERAGES,BH - Branch Sales - LUCKNOW,BVH,BVH - FOOD & BEVERAGES - LUCKNOW
Other Verticals,REST BRANCHES,BH,BH LUC,LUC,LUCKNOW,GOVERNMENT,GOVERNMENT,BH - Branch Sales - LUCKNOW,BVH,BVH - GOVERNMENT - LUCKNOW
Other Verticals,REST BRANCHES,BH,BH LUC,LUC,LUCKNOW,HUMAN CAPITAL,APPOINTMENTS,BH - Branch Sales - LUCKNOW,BVH,BVH - APPOINTMENTS - LUCKNOW
Other Verticals,REST BRANCHES,BH,BH LUC,LUC,LUCKNOW,INTERIOR DECOR,INTERIOR DECOR,BH - Branch Sales - LUCKNOW,BVH,BVH - INTERIOR DECOR - LUCKNOW
Other Verticals,REST BRANCHES,BH,BH LUC,LUC,LUCKNOW,OBIT / PERSONAL,OBIT / PERSONAL,BH - Branch Sales - LUCKNOW,BVH,BVH - OBIT / PERSONAL - LUCKNOW
Other Verticals,REST BRANCHES,BH,BH LUC,LUC,LUCKNOW,REAL ESTATE,REAL ESTATE,BH - Branch Sales - LUCKNOW,BVH,BVH - REAL ESTATE - LUCKNOW
Other Verticals,REST BRANCHES,BH,BH LUC,LUC,LUCKNOW,RETAIL,RETAIL,BH - Branch Sales - LUCKNOW,BVH,BVH - RETAIL - LUCKNOW
Other Verticals,REST BRANCHES,BH,BH LUC,LUC,LUCKNOW,RETAIL HEALTHCARE & PHARMA,RETAIL HEALTHCARE & PHARMA,BH - Branch Sales - LUCKNOW,BVH,BVH - RETAIL HEALTHCARE & PHARMA - LUCKNOW
Other Verticals,REST BRANCHES,BH,BH LUC,LUC,LUCKNOW,SPORTS MEDIA & ENTERTAINMENT,MEDIA ENTERTAINMENT,BH - Branch Sales - LUCKNOW,BVH,BVH - MEDIA ENTERTAINMENT - LUCKNOW
Other Verticals,REST BRANCHES,BH,BH LUC,LUC,LUCKNOW,TELECOM,TELECOM,BH - Branch Sales - LUCKNOW,BVH,BVH - TELECOM - LUCKNOW
Other Verticals,REST BRANCHES,BH,BH LUC,LUC,LUCKNOW,TIMES INTERACT,CLASSIFIEDS,BH - Branch Sales - LUCKNOW,BVH,BVH - CLASSIFIEDS - LUCKNOW
Other Verticals,REST BRANCHES,BH,BH LUC,LUC,LUCKNOW,TRAVEL & TOURISM,TRAVEL & TOURISM,BH - Branch Sales - LUCKNOW,BVH,BVH - TRAVEL & TOURISM - LUCKNOW
Other Verticals,REST BRANCHES,BH,BH NAG,NAG,NAGPUR,AUTOMOBILES,AUTOMOBILES,BH - Branch Sales - NAGPUR,BVH,BVH - AUTOMOBILES - NAGPUR
Other Verticals,REST BRANCHES,BH,BH NAG,NAG,NAGPUR,B3+PSU,B3+PSU,BH - Branch Sales - NAGPUR,BVH,BVH - B3+PSU - NAGPUR
Other Verticals,REST BRANCHES,BH,BH NAG,NAG,NAGPUR,BFSI,BFSI,BH - Branch Sales - NAGPUR,BVH,BVH - BFSI - NAGPUR
Other Verticals,REST BRANCHES,BH,BH NAG,NAG,NAGPUR,BUSINESS SOLUTIONS,B2B,BH - Branch Sales - NAGPUR,BVH,BVH - B2B - NAGPUR
Other Verticals,REST BRANCHES,BH,BH NAG,NAG,NAGPUR,CLOTHING / TEXTILES,CLOTHING / TEXTILES,BH - Branch Sales - NAGPUR,BVH,BVH - CLOTHING / TEXTILES - NAGPUR
Other Verticals,REST BRANCHES,BH,BH NAG,NAG,NAGPUR,CONS.DURABLES,CONS.DURABLES,BH - Branch Sales - NAGPUR,BVH,BVH - CONS.DURABLES - NAGPUR
Other Verticals,REST BRANCHES,BH,BH NAG,NAG,NAGPUR,CONS.SOFT & OTC,CONS.SOFT & OTC,BH - Branch Sales - NAGPUR,BVH,BVH - CONS.SOFT & OTC - NAGPUR
Other Verticals,REST BRANCHES,BH,BH NAG,NAG,NAGPUR,CONSUMER SERVICES,CONSUMER SERVICES,BH - Branch Sales - NAGPUR,BVH,BVH - CONSUMER SERVICES - NAGPUR
Other Verticals,REST BRANCHES,BH,BH NAG,NAG,NAGPUR,EDUCATION,EDUCATION,BH - Branch Sales - NAGPUR,BVH,BVH - EDUCATION - NAGPUR
Other Verticals,REST BRANCHES,BH,BH NAG,NAG,NAGPUR,FOOD & BEVERAGES,FOOD & BEVERAGES,BH - Branch Sales - NAGPUR,BVH,BVH - FOOD & BEVERAGES - NAGPUR
Other Verticals,REST BRANCHES,BH,BH NAG,NAG,NAGPUR,GOVERNMENT,GOVERNMENT,BH - Branch Sales - NAGPUR,BVH,BVH - GOVERNMENT - NAGPUR
Other Verticals,REST BRANCHES,BH,BH NAG,NAG,NAGPUR,HUMAN CAPITAL,APPOINTMENTS,BH - Branch Sales - NAGPUR,BVH,BVH - APPOINTMENTS - NAGPUR
Other Verticals,REST BRANCHES,BH,BH NAG,NAG,NAGPUR,INTERIOR DECOR,INTERIOR DECOR,BH - Branch Sales - NAGPUR,BVH,BVH - INTERIOR DECOR - NAGPUR
Other Verticals,REST BRANCHES,BH,BH NAG,NAG,NAGPUR,OBIT / PERSONAL,OBIT / PERSONAL,BH - Branch Sales - NAGPUR,BVH,BVH - OBIT / PERSONAL - NAGPUR
Other Verticals,REST BRANCHES,BH,BH NAG,NAG,NAGPUR,REAL ESTATE,REAL ESTATE,BH - Branch Sales - NAGPUR,BVH,BVH - REAL ESTATE - NAGPUR
Other Verticals,REST BRANCHES,BH,BH NAG,NAG,NAGPUR,RETAIL,RETAIL,BH - Branch Sales - NAGPUR,BVH,BVH - RETAIL - NAGPUR
Other Verticals,REST BRANCHES,BH,BH NAG,NAG,NAGPUR,RETAIL HEALTHCARE & PHARMA,RETAIL HEALTHCARE & PHARMA,BH - Branch Sales - NAGPUR,BVH,BVH - RETAIL HEALTHCARE & PHARMA - NAGPUR
Other Verticals,REST BRANCHES,BH,BH NAG,NAG,NAGPUR,SPORTS MEDIA & ENTERTAINMENT,MEDIA ENTERTAINMENT,BH - Branch Sales - NAGPUR,BVH,BVH - MEDIA ENTERTAINMENT - NAGPUR
Other Verticals,REST BRANCHES,BH,BH NAG,NAG,NAGPUR,TECHNOLOGY,TECHNOLOGY,BH - Branch Sales - NAGPUR,BVH,BVH - TECHNOLOGY - NAGPUR
Other Verticals,REST BRANCHES,BH,BH NAG,NAG,NAGPUR,TELECOM,TELECOM,BH - Branch Sales - NAGPUR,BVH,BVH - TELECOM - NAGPUR
Other Verticals,REST BRANCHES,BH,BH NAG,NAG,NAGPUR,TIMES INTERACT,CLASSIFIEDS,BH - Branch Sales - NAGPUR,BVH,BVH - CLASSIFIEDS - NAGPUR
Other Verticals,REST BRANCHES,BH,BH NAG,NAG,NAGPUR,TRAVEL & TOURISM,TRAVEL & TOURISM,BH - Branch Sales - NAGPUR,BVH,BVH - TRAVEL & TOURISM - NAGPUR
Other Verticals,REST BRANCHES,BH,BH PAT,PAT,PATNA,AUTOMOBILES,AUTOMOBILES,BH - Branch Sales - PATNA,BVH,BVH - AUTOMOBILES - PATNA
Other Verticals,REST BRANCHES,BH,BH PAT,PAT,PATNA,B3+PSU,B3+PSU,BH - Branch Sales - PATNA,BVH,BVH - B3+PSU - PATNA
Other Verticals,REST BRANCHES,BH,BH PAT,PAT,PATNA,BFSI,BFSI,BH - Branch Sales - PATNA,BVH,BVH - BFSI - PATNA
Other Verticals,REST BRANCHES,BH,BH PAT,PAT,PATNA,BUSINESS SOLUTIONS,B2B,BH - Branch Sales - PATNA,BVH,BVH - B2B - PATNA
Other Verticals,REST BRANCHES,BH,BH PAT,PAT,PATNA,CONS.SOFT & OTC,CONS.SOFT & OTC,BH - Branch Sales - PATNA,BVH,BVH - CONS.SOFT & OTC - PATNA
Other Verticals,REST BRANCHES,BH,BH PAT,PAT,PATNA,EDUCATION,EDUCATION,BH - Branch Sales - PATNA,BVH,BVH - EDUCATION - PATNA
Other Verticals,REST BRANCHES,BH,BH PAT,PAT,PATNA,FOOD & BEVERAGES,FOOD & BEVERAGES,BH - Branch Sales - PATNA,BVH,BVH - FOOD & BEVERAGES - PATNA
Other Verticals,REST BRANCHES,BH,BH PAT,PAT,PATNA,GOVERNMENT,GOVERNMENT,BH - Branch Sales - PATNA,BVH,BVH - GOVERNMENT - PATNA
Other Verticals,REST BRANCHES,BH,BH PAT,PAT,PATNA,HUMAN CAPITAL,APPOINTMENTS,BH - Branch Sales - PATNA,BVH,BVH - APPOINTMENTS - PATNA
Other Verticals,REST BRANCHES,BH,BH PAT,PAT,PATNA,INTERIOR DECOR,INTERIOR DECOR,BH - Branch Sales - PATNA,BVH,BVH - INTERIOR DECOR - PATNA
Other Verticals,REST BRANCHES,BH,BH PAT,PAT,PATNA,OBIT / PERSONAL,OBIT / PERSONAL,BH - Branch Sales - PATNA,BVH,BVH - OBIT / PERSONAL - PATNA
Other Verticals,REST BRANCHES,BH,BH PAT,PAT,PATNA,REAL ESTATE,REAL ESTATE,BH - Branch Sales - PATNA,BVH,BVH - REAL ESTATE - PATNA
Other Verticals,REST BRANCHES,BH,BH PAT,PAT,PATNA,RETAIL,RETAIL,BH - Branch Sales - PATNA,BVH,BVH - RETAIL - PATNA
Other Verticals,REST BRANCHES,BH,BH PAT,PAT,PATNA,RETAIL HEALTHCARE & PHARMA,RETAIL HEALTHCARE & PHARMA,BH - Branch Sales - PATNA,BVH,BVH - RETAIL HEALTHCARE & PHARMA - PATNA
Other Verticals,REST BRANCHES,BH,BH PAT,PAT,PATNA,TIMES INTERACT,CLASSIFIEDS,BH - Branch Sales - PATNA,BVH,BVH - CLASSIFIEDS - PATNA
Other Verticals,REST BRANCHES,BH,BH PUN,PUN,PUNE,AUTOMOBILES,AUTOMOBILES,BH - Branch Sales - PUNE,BVH,BVH - AUTOMOBILES - PUNE
Other Verticals,REST BRANCHES,BH,BH PUN,PUN,PUNE,B3+PSU,B3+PSU,BH - Branch Sales - PUNE,BVH,BVH - B3+PSU - PUNE
Other Verticals,REST BRANCHES,BH,BH PUN,PUN,PUNE,BFSI,BFSI,BH - Branch Sales - PUNE,BVH,BVH - BFSI - PUNE
Other Verticals,REST BRANCHES,BH,BH PUN,PUN,PUNE,BUSINESS SOLUTIONS,B2B,BH - Branch Sales - PUNE,BVH,BVH - B2B - PUNE
Other Verticals,REST BRANCHES,BH,BH PUN,PUN,PUNE,CLOTHING / TEXTILES,CLOTHING / TEXTILES,BH - Branch Sales - PUNE,BVH,BVH - CLOTHING / TEXTILES - PUNE
Other Verticals,REST BRANCHES,BH,BH PUN,PUN,PUNE,CONS.DURABLES,CONS.DURABLES,BH - Branch Sales - PUNE,BVH,BVH - CONS.DURABLES - PUNE
Other Verticals,REST BRANCHES,BH,BH PUN,PUN,PUNE,CONS.SOFT & OTC,CONS.SOFT & OTC,BH - Branch Sales - PUNE,BVH,BVH - CONS.SOFT & OTC - PUNE
Other Verticals,REST BRANCHES,BH,BH PUN,PUN,PUNE,CONSUMER SERVICES,CONSUMER SERVICES,BH - Branch Sales - PUNE,BVH,BVH - CONSUMER SERVICES - PUNE
Other Verticals,REST BRANCHES,BH,BH PUN,PUN,PUNE,E BUSINESS,E BUSINESS,BH - Branch Sales - PUNE,BVH,BVH - E BUSINESS - PUNE
Other Verticals,REST BRANCHES,BH,BH PUN,PUN,PUNE,EDUCATION,EDUCATION,BH - Branch Sales - PUNE,BVH,BVH - EDUCATION - PUNE
Other Verticals,REST BRANCHES,BH,BH PUN,PUN,PUNE,FOOD & BEVERAGES,FOOD & BEVERAGES,BH - Branch Sales - PUNE,BVH,BVH - FOOD & BEVERAGES - PUNE
Other Verticals,REST BRANCHES,BH,BH PUN,PUN,PUNE,GOVERNMENT,GOVERNMENT,BH - Branch Sales - PUNE,BVH,BVH - GOVERNMENT - PUNE
Other Verticals,REST BRANCHES,BH,BH PUN,PUN,PUNE,HUMAN CAPITAL,APPOINTMENTS,BH - Branch Sales - PUNE,BVH,BVH - APPOINTMENTS - PUNE
Other Verticals,REST BRANCHES,BH,BH PUN,PUN,PUNE,INTERIOR DECOR,INTERIOR DECOR,BH - Branch Sales - PUNE,BVH,BVH - INTERIOR DECOR - PUNE
Other Verticals,REST BRANCHES,BH,BH PUN,PUN,PUNE,LUXURY,LUXURY,BH - Branch Sales - PUNE,BVH,BVH - LUXURY - PUNE
Other Verticals,REST BRANCHES,BH,BH PUN,PUN,PUNE,OBIT / PERSONAL,OBIT / PERSONAL,BH - Branch Sales - PUNE,BVH,BVH - OBIT / PERSONAL - PUNE
Other Verticals,REST BRANCHES,BH,BH PUN,PUN,PUNE,REAL ESTATE,REAL ESTATE,BH - Branch Sales - PUNE,BVH,BVH - REAL ESTATE - PUNE
Other Verticals,REST BRANCHES,BH,BH PUN,PUN,PUNE,RETAIL,RETAIL,BH - Branch Sales - PUNE,BVH,BVH - RETAIL - PUNE
Other Verticals,REST BRANCHES,BH,BH PUN,PUN,PUNE,RETAIL HEALTHCARE & PHARMA,RETAIL HEALTHCARE & PHARMA,BH - Branch Sales - PUNE,BVH,BVH - RETAIL HEALTHCARE & PHARMA - PUNE
Other Verticals,REST BRANCHES,BH,BH PUN,PUN,PUNE,SPORTS MEDIA & ENTERTAINMENT,MEDIA ENTERTAINMENT,BH - Branch Sales - PUNE,BVH,BVH - MEDIA ENTERTAINMENT - PUNE
Other Verticals,REST BRANCHES,BH,BH PUN,PUN,PUNE,TECHNOLOGY,TECHNOLOGY,BH - Branch Sales - PUNE,BVH,BVH - TECHNOLOGY - PUNE
Other Verticals,REST BRANCHES,BH,BH PUN,PUN,PUNE,TELECOM,TELECOM,BH - Branch Sales - PUNE,BVH,BVH - TELECOM - PUNE
Other Verticals,REST BRANCHES,BH,BH PUN,PUN,PUNE,TIMES INTERACT,CLASSIFIEDS,BH - Branch Sales - PUNE,BVH,BVH - CLASSIFIEDS - PUNE
Other Verticals,REST BRANCHES,BH,BH PUN,PUN,PUNE,TRAVEL & TOURISM,TRAVEL & TOURISM,BH - Branch Sales - PUNE,BVH,BVH - TRAVEL & TOURISM - PUNE
,,,,,,,,,,
,,,,,,,,,,
